十碼章,醫院名稱,行政區,地址,連絡電話,座標緯度,座標經度
102020011,高雄市立聯合醫院,64000020,高雄市鼓山區龍水里中華一路976號,(07)5552565,22.6549319,120.2890053
102070020,高雄市立大同醫院,64000070,高雄市前金區中華三路68號,(07)2911101,22.62699,120.297205
102080017,高雄市立民生醫院,64000080,高雄市苓雅區凱旋二路134號,(07)7511131,22.626491,120.323736
102080026,高雄市立凱旋醫院,64000080,高雄市苓雅區凱旋二路130號,(07)7513171,22.6251221,120.3218433
142030019,衛生福利部旗山醫院,64000300,高雄市旗山區大德里中學路60號,(07)6613811,22.880694,120.483277
502030015,國軍高雄總醫院左營分院,64000030,高雄市左營區合群里軍校路553號,(07)5811648,22.700352,120.292231
502080015,國軍高雄總醫院附設民眾診療處,64000080,高雄市苓雅區建軍路5號,(07)7496751,22.6259888,120.3397398
542020011,國軍高雄總醫院岡山分院附設民眾診療服務處,64000190,高雄市岡山區大義二路1號,(07)6250919,22.789456,120.285874
602030026,高雄榮民總醫院,64000030,高雄市左營區福山里大中一路386號,(07)3422121,22.677697,120.322257
902080013,阮綜合醫療社團法人阮綜合醫院,64000080,高雄市苓雅區鼓中里成功一路162號,(07)3351121,22.615583,120.297377
907030013,廣聖醫療社團法人廣聖醫院,64000300,高雄市旗山區中華路618號,(07)6622391,22.884981,120.485444
907320012,愛仁醫療社團法人愛仁醫院,64000050,高雄市三民區民族一路51號,(07)3115159,22.641817,120.31384
907350010,乃榮醫療社團法人乃榮醫院,64000080,高雄市苓雅區三多二路226號,(07)7613151,22.6187484,120.3166033
942020019,高雄市立岡山醫院（委託秀傳醫療社團法人經營）,64000190,高雄市岡山區岡山里壽天路12號,(07)6222131,22.796612,120.294443
1102110011,高雄市立小港醫院(委託財團法人私立高雄醫學大學經營),64000110,高雄市小港區山明里山明路482號,(07)8036783,22.567467,120.363369
1107120017,義大醫療財團法人義大癌治療醫院,64000210,高雄市燕巢區角宿里義大路21號,(07)6150022,22.766469,120.364783
1107320017,義大醫療財團法人義大大昌醫院,64000050,高雄市三民區大昌一路305號,(07)6150011,22.6577272,120.3180026
1107350015,天主教聖功醫療財團法人聖功醫院,64000080,高雄市苓雅區建國一路352號,(07)2238153,22.633118,120.323927
1142010518,高雄市立鳳山醫院,64000120,高雄市鳳山區經武路42號,(07)7418151,22.628564,120.363087
1142100017,長庚醫療財團法人高雄長庚紀念醫院,64000180,高雄市鳥松區鳥松里大埤路123號,(07)7317123,22.649847,120.356029
1142120001,義大醫療財團法人義大醫院,64000210,高雄市燕巢區角宿里義大路1號,(07)6150011,22.765521,120.364451
1202080029,信義醫院,64000080,高雄市苓雅區華新街86號,(07)3321111,22.613969,120.29642
1302050014,財團法人私立高雄醫學大學附設中和紀念醫院,64000050,高雄市三民區安生里自由一路100號,(07)3121101,22.647122,120.310169
1307370011,高雄市立旗津醫院,64000100,高雄市旗津區旗港路33號,(07)5711188,22.59021,120.285113
1442060014,財團法人台灣省私立高雄仁愛之家附設慈惠醫院,64000140,高雄市大寮區鳳屏一路509號,(07)7030315,22.639236,120.397505
1502020056,聖明醫院,64000020,高雄市鼓山區鼓山三路52號,(07)5313755,22.655078,120.275613
1502020065,正大醫院,64000020,高雄市鼓山區鼓山三路128-9號,(07)5823989,22.663874,120.27954
1502031095,馨蕙馨醫院,64000030,高雄市左營區明誠二路541號,(07)5586080,22.66097,120.303829
1502031102,柏仁醫院,64000030,高雄市左營區博愛二路350號,(07)5508888,22.664342,120.303632
1502040021,健仁醫院,64000040,高雄市楠梓區中陽里楠陽路136號,(07)3517166,22.72362,120.328988
1502040076,顏威裕醫院,64000040,高雄市楠梓區秀昌里後昌路826號,(07)3639053,22.711168,120.295692
1502041108,長春醫院,64000040,高雄市楠梓區右昌街331號,(07)3612995,22.714272,120.2891
1502041117,右昌聯合醫院,64000040,高雄市楠梓區軍校路930號,(07)3643388,22.7138,120.290879
1502050045,德謙醫院,64000050,高雄市三民區九如二路18號,(07)3210981,22.640667,120.313205
1502050152,南山醫院,64000050,高雄市三民區建東里建國三路151號,(07)2882101,22.637671,120.298535
1502050170,祐生醫院,64000050,高雄市三民區建國三路60號,(07)2866688,22.637983,120.296106
1502050241,民族醫院,64000050,高雄市三民區民族一路880號,(07)3462802,22.668546,120.317459
1502050296,文雄醫院,64000050,高雄市三民區察哈爾二街132號,(07)3165275,22.64805,120.299645
1502051364,全民醫院,64000050,高雄市三民區九如二路505號,(07)3220066,22.641299,120.298526
1502051426,四季台安醫院,64000050,高雄市三民區聯興路157號,(07)3983000,22.659446,120.313821
1502060014,蕭志文醫院,64000060,高雄市新興區七賢一路102號,(07)2240252,22.633944,120.314331
1502060149,惠仁醫院,64000060,高雄市新興區中山一路67-2號,(07)2010196,22.6298265,120.2992464
1502070029,重仁骨科醫院,64000070,高雄市前金區中華三路247號,(07)2813136,22.63436,120.293712
1502070118,健新醫院,64000070,高雄市前金區七賢二路295號,(07)2613866,22.631322,120.290835
1502081175,邱外科醫院,64000080,高雄市苓雅區成功一路137號,(07)3364131,22.614662,120.297305
1502090209,吳昆哲婦產小兒科醫院,64000090,高雄市前鎮區興東里民權二路430號,(07)3319611,22.61208,120.31439
1502110064,安泰醫院,64000110,高雄市小港區學府路111號,(07)8017856,22.565234,120.36143
1502111089,戴銘浚婦兒醫院,64000110,高雄市小港區宏平路661號,(07)8061289,22.569572,120.351192
1502111098,臨海醫院,64000110,高雄市小港區沿海一路461號,(07)8012171,22.561682,120.356927
1507290012,生安婦產小兒科醫院,64000020,高雄市鼓山區美術東二路177號,(07)5223138,22.662316,120.288311
1507300022,博愛蕙馨醫院,64000030,高雄市左營區博愛二路20號,(07)8628880,22.656832,120.303458
1507320015,新高醫院,64000050,高雄市三民區莊敬路288號,(07)3828814,22.649991,120.318257
1507360019,瑞祥醫院,64000090,高雄市前鎮區班超路92號,(07)7717503,22.602633,120.324938
1507360028,新正薪醫院,64000090,高雄市前鎮區一心一路233號1-4樓,(07)9705335,22.607869,120.317587
1542010052,大東醫院,64000120,高雄市鳳山區三民里光遠路171-2號,(07)7463762,22.625359,120.362012
1542010141,優生婦產小兒科醫院,64000120,高雄市鳳山區自由路189號,(07)7478629,22.625567,120.35099
1542011237,惠德醫院,64000120,高雄市鳳山區福祥街81號,(07)8126000,22.592033,120.325113
1542011282,杏和醫院,64000120,高雄市鳳山區五甲二路389、470號,(07)7613111,22.593659,120.328356
1542020058,劉嘉修醫院,64000190,高雄市岡山區岡山里岡山路428號,(07)6222836,22.795756,120.295867
1542020067,劉光雄醫院,64000190,高雄市岡山區岡山路380-1號,(07)6219156,22.794195,120.2937176
1542021171,惠川醫院,64000190,高雄市岡山區岡山路92號,(07)6229292,22.787987,120.296788
1542030018,重安醫院,64000300,高雄市旗山區大德里大仁街18號,(07)6618471,22.883021,120.484822
1542030063,博愛醫院,64000300,高雄市旗山區延平一路689號,(07)6617602,22.883617,120.483223
1542030116,溪洲醫院,64000300,高雄市旗山區延平一路412號,(07)6621985,22.892772,120.483167
1542040050,三聖醫院,64000310,高雄市美濃區合和路56號,(07)6818495,22.894009,120.54808
1542050056,建佑醫院,64000130,高雄市林園區廣應里東林西路360號,(07)6437901,22.503845,120.386635
1542051151,霖園醫院,64000130,高雄市林園區林園里林園北路244號,(07)6413399,22.5089269,120.3923897
1542061077,樂生婦幼專科醫院,64000140,高雄市大寮區永芳里鳳林三路532號,(07)7862688,22.606815,120.395585
1542061148,瑞生醫院,64000140,高雄市大寮區中興里鳳林四路192號,(07)7835175,22.617691,120.384874
1542110020,泰和醫院,64000200,高雄市橋頭區成功路101號,(07)6111128,22.75876,120.309606
1542140046,長佑醫院,64000230,高雄市阿蓮區清蓮里中山路150號,(07)6311267,22.877576,120.327731
1542150033,溫有諒醫院,64000240,高雄市路竹區竹南村延平路57號,(07)6965136,22.857968,120.258689
1542150042,高新醫院,64000240,高雄市路竹區中山路627號,(07)6975903,22.865457,120.257157
2342010013,高雄市鳳山區衛生所,64000120,高雄市鳳山區經武路34巷2號,(07)7430437,22.627214,120.363023
2342020019,高雄市岡山區衛生所,64000190,高雄市岡山區壽天路16-2號,(07)6212015,22.7945964,120.2890853
2342030015,高雄市旗山區衛生所,64000300,高雄市旗山區湄洲里中正路197號,(07)6612054,22.889792,120.479888
2342040011,高雄市美濃區衛生所,64000310,高雄市美濃區合和里美中路246號,(07)6812064,22.895215,120.541286
2342050017,高雄市林園區衛生所,64000130,高雄市林園區林園里林園北路186號,(07)6412404,22.507665,120.395238
2342060013,高雄市大寮區衛生所,64000140,高雄市大寮區進學路129巷2-1號,(07)7811965,22.604532,120.393595
2342070019,高雄市大樹區衛生所,64000150,高雄市大樹區中興北路120號,(07)6512935,22.693326,120.433045
2342080015,高雄市仁武區衛生所,64000170,高雄市仁武區地政街23號,(07)3711434,22.700798,120.351568
2342090011,高雄市大社區衛生所,64000160,高雄市大社區自強街7號,(07)3511774,22.731046,120.346833
2342100012,高雄市鳥松區衛生所,64000180,高雄市鳥松區鳥松里文前路文北巷1弄4號,(07)7316404,22.663573,120.3605968
2342110018,高雄市橋頭區衛生所,64000200,高雄市橋頭區隆豐北路5號,(07)6113516,22.7515552,120.3068786
2342120014,高雄市燕巢區衛生所,64000210,高雄市燕巢區南燕村中興路2號,(07)6161148,22.79303,120.361659
2342130010,高雄市田寮區衛生所,64000220,高雄市田寮區南安村崗北路32號,(07)6361504,22.873012,120.359378
2342140016,高雄市阿蓮區衛生所,64000230,高雄市阿蓮區民生路94-1號,(07)6317141,22.882809,120.327524
2342150012,高雄市路竹區衛生所,64000240,高雄市路竹區國昌路86巷22號,(07)6962449,22.855301,120.258937
2342160018,高雄市湖內區衛生所,64000250,高雄市湖內區湖中路203號,(07)6993009,22.905245,120.222385
2342170014,高雄市茄萣區衛生所,64000260,高雄市茄萣區濱海路二段1號,(07)6989275,22.888198,120.184994
2342180010,高雄市永安區衛生所,64000270,高雄市永安區永安里永安路26號,(07)6912015,22.818792,120.225366
2342190016,高雄市彌陀區衛生所,64000280,高雄市彌陀區中華路1巷5弄1號,(07)6175307,22.782146,120.250575
2342200017,高雄市梓官區衛生所,64000290,高雄市梓官區梓信里公館路45號,(07)6103050,22.764651,120.267641
2342210013,高雄市六龜區衛生所,64000320,高雄市六龜區六龜里民治路18號,(07)6891244,22.9980939,120.6311182
2342220019,高雄市甲仙區衛生所,64000330,高雄市甲仙區和安里中山路52號,(07)6751029,23.083935,120.587454
2342230015,高雄市杉林區衛生所,64000340,高雄市杉林區上平里上仙路93巷2號,(07)6771319,22.976933,120.538613
2342240011,高雄市內門區衛生所,64000350,高雄市內門區觀亭里16鄰中埔頭20號,(07)6671088,22.9244272,120.4516262
2342250017,高雄市茂林區衛生所,64000360,高雄市茂林區茂林里茂林巷8-4號,(07)6801046,22.8863299,120.6615183
2342260013,高雄市桃源區衛生所,64000370,高雄市桃源區桃源里南進巷188-1號,(07)6861126,23.158454,120.764176
2342270019,高雄市那瑪夏區衛生所,64000380,高雄市那瑪夏區瑪雅里6鄰平和巷252號,(07)6701142,23.2381279,120.6942523
2402020519,國立中山大學附設醫務室,64000020,高雄市鼓山區蓮海路70號,(07)5250115,22.626461,120.265991
2502090013,國軍高雄門診中心附設民眾診療服務處,64000090,高雄市前鎮區興東里光華二路51號,(07)3344003,22.60993,120.316794
2602040524,國軍退除役官兵輔導委員會高雄榮譽國民之家醫務室,64000040,高雄市楠梓區加昌路631號,(07)3652828,22.716397,120.302349
2642120010,國軍退除役官兵輔導委員會岡山榮譽國民之家,64000210,高雄市燕巢區安招里成功路1號,(07)6161214,22.786321,120.362099
2702040071,台灣中油股份有限公司煉製事業部國光聯合診所,64000040,高雄市楠梓區後昌路546巷2號,(07)5824141,22.708342,120.2988343
3502010187,木雄婦產科診所,64000010,高雄市鹽埕區大禮街60號,(07)5618121,22.622187,120.28767
3502010329,劉應炎診所,64000010,高雄市鹽埕區大公路98、100號,(07)5511051,22.627753,120.282125
3502010427,施家庭醫學科診所,64000010,高雄市鹽埕區新興街118號,(07)5324460,22.627066,120.282072
3502010463,盧榮坤小兒科診所,64000010,高雄市鹽埕區莒光街137號,(07)5315657,22.622795,120.284122
3502010507,汪昇勳耳鼻喉科診所,64000010,高雄市鹽埕區瀨南街225-1號,(07)5216655,22.628023,120.284116
3502020183,鼎新診所,64000020,高雄市鼓山區鼓波街42-11號,(07)5512013,22.622233,120.271651
3502020254,柯文良小兒科診所,64000020,高雄市鼓山區華榮路352號,(07)5535760,22.667704,120.296152
3502020316,家安診所,64000020,高雄市鼓山區明誠里裕誠路1515號,(07)5541515,22.664864,120.295185
3502020423,謝加晉診所,64000020,高雄市鼓山區民利街1號1樓,(07)5532526,22.66132,120.294996
3502020503,建元診所,64000020,高雄市鼓山區裕誠路1143、1145號,(07)5543957,22.665634,120.297679
3502020549,腎美診所,64000020,高雄市鼓山區中華一路336號1樓,(07)5544900,22.664309,120.292173
3502021635,明誠聯合診所,64000020,高雄市鼓山區中華一路310號,(07)5538665,22.665633,120.291402
3502021733,祐琳小兒科診所,64000020,高雄市鼓山區裕誠路1180號,(07)5551870,22.666021,120.297486
3502021760,容婦產科診所,64000020,高雄市鼓山區明誠三路487號,(07)5541000,22.660985,120.300473
3502022114,祐安小兒科診所,64000020,高雄市鼓山區九如四路1410號,(07)5318616,22.658201,120.279276
3502022150,建生診所,64000020,高雄市鼓山區美術東四路325號,(07)5555366,22.660824,120.290101
3502022203,吳展名診所,64000020,高雄市鼓山區明誠三路598號,(07)5535658,22.661335,120.297421
3502022230,鄭廣仁小兒科診所,64000020,高雄市鼓山區華榮路207號,(07)5555350,22.665539,120.296746
3502030036,田源診所,64000030,高雄市左營區政德路230號,(07)3432641,22.677223,120.30024
3502030072,德仁診所,64000030,高雄市左營區勝利路190號,(07)5819228,22.681579,120.288604
3502030143,吳光男小兒科內科診所,64000030,高雄市左營區?後街19號,(07)5812871,22.684174,120.288136
3502030189,胡義祥內兒科診所,64000030,高雄市左營區左營大路85號,(07)5826811,22.682462,120.288194
3502030385,馬遠成診所,64000030,高雄市左營區果峰街2巷2號3號1樓,(07)5832348,22.670464,120.289197
3502030474,傳家家庭醫學科診所,64000030,高雄市左營區裕誠路265號,(07)5587919,22.664699,120.309159
3502030483,蔡鶴峰診所,64000030,高雄市左營區後昌路601號,(07)3661818,22.707707,120.29952
3502030616,長安診所,64000030,高雄市左營區左營大路253號1樓,(07)5821864,22.686183,120.290476
3502030643,黃昭文診所,64000030,高雄市左營區自由二路255號,(07)5592289,22.6624537,120.3059872
3502030723,楊宜璋耳鼻喉科診所,64000030,高雄市左營區明誠二路362號,(07)5591007,22.66125,120.307228
3502030750,沈嘉充診所,64000030,高雄市左營區中華一路5號,(07)5851778,22.669611,120.2846577
3502030876,李建中診所,64000030,高雄市左營區崇德路238號,(07)3498018,22.675255,120.304748
3502030947,國聖診所,64000030,高雄市左營區文慈路150號,(07)3506203,22.681833,120.318117
3502032110,張簡耳鼻喉科診所,64000030,高雄市左營區自由三路300號,(07)3454185,22.674069,120.312325
3502032192,金仁福診所,64000030,高雄市左營區華夏路228號,(07)5529843,22.669937,120.296711
3502032227,李凱斌小兒科診所,64000030,高雄市左營區文莊路53號,(07)3454784,22.6774015,120.3099618
3502032316,王欽程診所,64000030,高雄市左營區華夏路1141號,(07)3491111,22.6843709,120.3068563
3502032325,華夏診所,64000030,高雄市左營區華夏路708號1樓,(07)3453961,22.6779064,120.3000826
3502032432,薛智峰耳鼻喉科診所,64000030,高雄市左營區新光里華夏路703號,(07)3439190,22.678188,120.302074
3502032585,李錦源小兒診所,64000030,高雄市左營區左營大路139-1號,(07)5851188,22.683901,120.288975
3502032594,陳進成診所,64000030,高雄市左營區華夏路985號1樓,(07)3503387,22.681534,120.305338
3502032610,乃聖診所,64000030,高雄市左營區文強路232號1樓,(07)3500041,22.676876,120.307728
3502032638,王津勝小兒科診所,64000030,高雄市左營區華夏路260號,(07)5533243,22.670616,120.297122
3502032656,吉祥診所,64000030,高雄市左營區翠華路601巷75號,(07)5810757,22.672416,120.289568
3502032781,晨田耳鼻喉科診所,64000030,高雄市左營區福山里榮佑路41號,(07)3508893,22.681703,120.320644
3502032790,康澤小兒科診所,64000030,高雄市左營區自由三路382號1樓,(07)3453356,22.674981,120.31259
3502032861,陳俊男診所,64000030,高雄市左營區自由二路216號1樓,(07)5506531,22.66383,120.308519
3502032889,李全忠診所,64000030,高雄市左營區自由三路528號,(07)3450696,22.678381,120.313592
3502032941,龔晉賢內科診所,64000030,高雄市左營區左營大路514-6號,(07)5887903,22.689394,120.29552
3502033082,恩欣小兒科診所,64000030,高雄市左營區自由四路324號,(07)3451966,22.684915,120.316579
3502033297,福山診所,64000030,高雄市左營區重愛路218號1樓,(07)3482323,22.685597,120.315601
3502033304,永霖小兒科診所,64000030,高雄市左營區孟子路415號1樓,(07)3498118,22.6755,120.307684
3502033313,裕生診所,64000030,高雄市左營區富民路342號2樓,(07)5563707,22.664258,120.305286
3502033329,陳信旭小兒科診所,64000030,高雄市左營區明華一路156號1樓,(07)5590256,22.6629192,120.3048375
3502033420,富誠診所,64000030,高雄市左營區富國路355號,(07)5560925,22.666859,120.307305
3502033573,楊東穎診所,64000030,高雄市左營區自由三路327號1樓,(07)3505726,22.674198,120.311865
3502040078,歐慈德內科診所,64000040,高雄市楠梓區後昌路915號,(07)3633900,22.71339,120.293728
3502040238,楊煌榮內兒科診所,64000040,高雄市楠梓區加昌路972號,(07)3618293,22.71306,120.290574
3502040309,宏生診所,64000040,高雄市楠梓區樂群路179巷2號,(07)3619412,22.718957,120.296716
3502040390,康健軍診所,64000040,高雄市楠梓區後昌路799號,(07)3614685,22.710652,120.295556
3502040434,苑秉純診所,64000040,高雄市楠梓區軍校路792號,(07)3645885,22.709847,120.293029
3502040550,宏育診所,64000040,高雄市楠梓區樂群路241號,(07)3655331,22.72058,120.296127
3502040578,健安診所,64000040,高雄市楠梓區岳陽街53號,(07)3529801,22.729749,120.3285023
3502040596,高耿耀診所,64000040,高雄市楠梓區建楠路179號,(07)3529803,22.726808,120.3236223
3502040649,楊雲志診所,64000040,高雄市楠梓區軍校路676號,(07)3643826,22.707155,120.293047
3502040667,陳顯明診所,64000040,高雄市楠梓區德賢路265號,(07)3648127,22.726114,120.303945
3502040685,康東原診所,64000040,高雄市楠梓區右昌街376號,(07)3610115,22.715042,120.28898
3502040738,常德診所,64000040,高雄市楠梓區常德路331號,(07)3537431,22.737471,120.337161
3502040809,聖昌診所,64000040,高雄市楠梓區後昌路773號,(07)3639666,22.710221,120.295993
3502040818,佑強診所,64000040,高雄市楠梓區德民路908號,(07)3683690,22.72131,120.28959
3502041860,孫欲珍小兒科家庭醫學科診所,64000040,高雄市楠梓區德賢路241號,(07)3613709,22.7264441,120.3051886
3502041888,祥霖診所,64000040,高雄市楠梓區德賢路530巷9號,(07)3630930,22.726402,120.301729
3502041913,周祖佑小兒科診所,64000040,高雄市楠梓區楠梓新路255號,(07)3531266,22.728529,120.325931
3502041977,冠全診所,64000040,高雄市楠梓區德民路1002-12號,(07)3602123,22.720299,120.287652
3502042036,仁安診所,64000040,高雄市楠梓區後昌路1165號,(07)3684128,22.717288,120.29093
3502042054,杏生婦產科診所,64000040,高雄市楠梓區德民路290號,(07)3658288,22.725964,120.307495
3502042223,王建安小兒科診所,64000040,高雄市楠梓區德民路949號,(07)3600680,22.720534,120.289114
3502042248,廣佑安診所,64000040,高雄市楠梓區後昌路678號,(07)3605998,22.709023,120.297772
3502042269,健康家庭醫學診所,64000040,高雄市楠梓區清豐二路86號,(07)3535296,22.737477,120.330894
3502042296,長義診所,64000040,高雄市楠梓區惠民路46號,(07)3640553,22.724916,120.298573
3502042312,家福耳鼻喉科診所,64000040,高雄市楠梓區後昌新路15號,(07)3609988,22.718476,120.291688
3502050378,董金山診所,64000050,高雄市三民區大昌二路544號,(07)3833405,22.651829,120.33018
3502051080,李坤泰診所,64000050,高雄市三民區覺民路186號,(07)3833282,22.639587,120.340243
3502051133,黃義霖診所,64000050,高雄市三民區澄和路6號,(07)3857422,22.6444657,120.3437963
3502051348,曾繁英診所,64000050,高雄市三民區自立一路267號,(07)3111048,22.64239,120.296066
3502051375,蕭瑞榮小兒科診所,64000050,高雄市三民區建工路531、533號,(07)3867121,22.647856,120.315414
3502051428,張倉銓診所,64000050,高雄市三民區大順二路183號,(07)3808538,22.642945,120.326431
3502051544,莊永昌診所,64000050,高雄市三民區建工路332號,(07)3922289,22.653186,120.33067
3502051599,徐樹本小兒科診所,64000050,高雄市三民區建興路373號,(07)3867833,22.646792,120.32215
3502051642,羅韻珊小兒科診所,64000050,高雄市三民區寶興里大豐二路110-1號1樓,(07)3870430,22.64583,120.328851
3502051955,胡榿小兒科診所,64000050,高雄市三民區九如一路820號,(07)3827356,22.640161,120.31949
3502052121,王俊仁耳鼻喉科診所,64000050,高雄市三民區陽明路416號,(07)3959039,22.646237,120.34295
3502052130,振祐診所,64000050,高雄市三民區大豐二路154號,(07)3805909,22.64551,120.330751
3502052149,王婦產科診所,64000050,高雄市三民區九如一路440號,(07)3873979,22.638969,120.330132
3502052274,醫鼎診所,64000050,高雄市三民區裕誠路101號,(07)3506789,22.66368,120.313681
3502052292,王漢卿小兒科診所,64000050,高雄市三民區陽明路132號,(07)3877918,22.640579,120.341836
3502052498,范雅修小兒科診所,64000050,高雄市三民區平等路163號,(07)3876366,22.64219,120.320831
3502052523,吉星小兒科診所,64000050,高雄市三民區天祥一路135-1號,(07)3487936,22.667208,120.320051
3502052694,育明診所,64000050,高雄市三民區民族一路537號,(07)3478461,22.666021,120.31634
3502052729,開元診所,64000050,高雄市三民區陽明路21號,(07)3873595,22.637622,120.340878
3502053904,許聰騰診所,64000050,高雄市三民區大昌二路100號,(07)3981023,22.642898,120.332316
3502054250,黃學武家醫科診所,64000050,高雄市三民區大昌二路23號,(07)3815668,22.639288,120.332066
3502054296,長清診所,64000050,高雄市三民區九如一路135號,(07)3851441,22.636691,120.3405
3502054527,黃志維耳鼻喉科診所,64000050,高雄市三民區建工路608號,(07)3947605,22.649477,120.323138
3502054536,茂田診所,64000050,高雄市三民區明誠一路236號,(07)3109506,22.659898,120.326039
3502054652,高鳳診所,64000050,高雄市三民區灣中街328號,(07)3865481,22.649971,120.317952
3502054698,德恩內科診所,64000050,高雄市三民區民族一路390號,(07)3958282,22.652779,120.315468
3502054929,承安耳鼻喉科診所,64000050,高雄市三民區力行路250號,(07)3160789,22.638179,120.286393
3502055024,蔡智禮診所,64000050,高雄市三民區北平一街132號,(07)3225728,22.650209,120.305056
3502055211,明陽診所,64000050,高雄市三民區陽明路65號,(07)3963488,22.638967,120.341106
3502055275,明榮診所,64000050,高雄市三民區熱河一街370號,(07)3222875,22.64395,120.305816
3502055293,元成診所,64000050,高雄市三民區陽明路81號,(07)3903808,22.639694,120.341262
3502055389,禾泰診所,64000050,高雄市三民區陽明路68號,(07)3903812,22.639506,120.341623
3502055499,偉倫小兒科診所,64000050,高雄市三民區鼎山街256號,(07)3800333,22.659671,120.321716
3502060070,瑞益內兒科診所,64000060,高雄市新興區復興二路107號,(07)2312901,22.62276,120.309137
3502060150,葉英鏘診所,64000060,高雄市新興區洛陽街1號,(07)2387871,22.632684,120.309031
3502060534,紀耳鼻喉科診所,64000060,高雄市新興區林森一路154-1號,(07)2719087,22.629749,120.304734
3502060632,展華內兒科診所,64000060,高雄市新興區八德一路182號,(07)2386222,22.635708,120.308704
3502061139,毛重富耳鼻喉科診所,64000060,高雄市新興區復興一路107-1號,(07)2350168,22.6328768,120.3060125
3502061291,謝德利診所,64000060,高雄市新興區林森一路158號,(07)2413308,22.630029,120.304775
3502062976,家佳診所,64000060,高雄市新興區和平一路193號,(07)2234383,22.630779,120.317574
3502063035,蔡瑞聲診所,64000060,高雄市新興區仁聲里中正三路63號,(07)2413388,22.630768,120.307841
3502063062,增田診所,64000060,高雄市新興區八德一路155號,(07)2363128,22.635313,120.309255
3502063115,健和診所,64000060,高雄市新興區青年一路278號,(07)2513388,22.621866,120.30718
3502063259,偉峰診所,64000060,高雄市新興區林森一路126號一樓,(07)2820396,22.628484,120.304599
3502063302,吳國欽內科診所,64000060,高雄市新興區民主路71號,(07)2870789,22.632585,120.298685
3502070450,蔡國晉家庭醫學科診所,64000070,高雄市前金區瑞源路189號,(07)2858371,22.63484,120.295939
3502070834,大明診所,64000070,高雄市前金區新田路220號,(07)2413103,22.621047,120.299575
3502072258,宏祐診所,64000070,高雄市前金區中正四路124號,(07)2856777,22.630159,120.297468
3502072267,嘉醫診所,64000070,高雄市前金區中華三路86號,(07)2411891,22.627944,120.2967
3502072589,德和診所,64000070,高雄市前金區自強一路18號,(07)2515106,22.629393,120.293887
3502080011,五塊厝診所,64000080,高雄市苓雅區三多一路139、141號,(07)7614545,22.621457,120.328074
3502080027,林文樹小兒科內科診所,64000080,高雄市苓雅區福康里武慶三路89號,(07)7611286,22.621481,120.331532
3502080107,張清雲內科小兒科診所,64000080,高雄市苓雅區苓雅里成功一路155號,(07)3314071,22.615717,120.296897
3502080214,安田婦產科診所,64000080,高雄市苓雅區三多二路353號,(07)7255167,22.618275,120.3158859
3502080670,吳國松心臟科診所,64000080,高雄市苓雅區三多二路283號,(07)7614892,22.618714,120.319856
3502080698,黃賢慶內兒科診所,64000080,高雄市苓雅區興中一路298號,(07)3311062,22.616114,120.305331
3502080732,許桂庭診所,64000080,高雄市苓雅區福德二路47號,(07)7222634,22.6314,120.327847
3502080787,羅吉雄內外科診所,64000080,高雄市苓雅區興中一路259號,(07)3348118,22.617464,120.310372
3502080894,林國坤診所,64000080,高雄市苓雅區建國一路115-4號,(07)7225391,22.631493,120.332737
3502081499,陳清裕小兒科診所,64000080,高雄市苓雅區福隆里三多一路327號,(07)7517221,22.621667,120.328586
3502081551,蔡小兒科,64000080,高雄市苓雅區林泉街19號,(07)7238382,22.62341,120.319766
3502081631,柯武鎮診所,64000080,高雄市苓雅區福壽街193號,(07)7131840,22.626418,120.32637
3502081659,泰順診所,64000080,高雄市苓雅區光華一路148-95號,(07)2241595,22.626225,120.314992
3502081793,健維診所,64000080,高雄市苓雅區福建街25號,(07)3344637,22.618764,120.316578
3502081882,小貝貝診所,64000080,高雄市苓雅區光華一路25號,(07)3383099,22.61892,120.317297
3502081971,惠霖診所,64000080,高雄市苓雅區建國一路111號1樓,(07)7159500,22.630958,120.334369
3502081980,楊朝欽內科診所,64000080,高雄市苓雅區三多三路238號,(07)3349010,22.614645,120.305921
3502082209,劉永豐診所,64000080,高雄市苓雅區建國一路15-1號,(07)7492636,22.62887,120.340528
3502083395,邱靖媛小兒科診所,64000080,高雄市苓雅區武慶三路89號,(07)7215153,22.621481,120.331532
3502083546,童春診所,64000080,高雄市苓雅區武慶三路98號,(07)7210983,22.62047,120.331852
3502083608,昱泰診所,64000080,高雄市苓雅區興中一路227號1-3樓,(07)5378767,22.617839,120.311518
3502083626,吳玉衡兒科,64000080,高雄市苓雅區青年一路1-17號1樓,(07)7234526,22.6244686,120.3136651
3502083822,聖安診所,64000080,高雄市苓雅區大順三路186號,(07)7277057,22.633461,120.326154
3502083902,同慶診所,64000080,高雄市苓雅區同慶路78號,(07)2260957,22.627718,120.321122
3502083911,小太陽診所,64000080,高雄市苓雅區凱旋里和平一路150號,(07)2267753,22.627632,120.319158
3502084150,一誠診所,64000080,高雄市苓雅區建國一路115-5號1樓,(07)7511156,22.631511,120.332693
3502084187,吳三江診所,64000080,高雄市苓雅區憲政路240號,(07)2222088,22.6367,120.321586
3502084230,信君耳鼻喉科診所,64000080,高雄市苓雅區武廟路30號,(07)7168385,22.630064,120.332219
3502084445,善美診所,64000080,高雄市苓雅區中華四路120號,(07)3336030,22.61469,120.301785
3502084472,黃武雄診所,64000080,高雄市苓雅區建國一路286號,(07)7275889,22.633082,120.326285
3502090041,謝麗煌小兒科內科診所,64000090,高雄市前鎮區瑞崗里隆興街151號,(07)7716485,22.605815,120.327817
3502090096,邱仲禮診所,64000090,高雄市前鎮區鎮榮街45號,(07)8211363,22.590439,120.311622
3502090167,施外科診所,64000090,高雄市前鎮區瑞東里瑞隆路363號,(07)7114423,22.60536,120.33124
3502090309,聖青診所,64000090,高雄市前鎮區明禮里草衙一路112號,(07)8310970,22.584226,120.32223
3502090470,瑞隆診所,64000090,高雄市前鎮區瑞東里瑞隆路373號,(07)7512099,22.60535,120.331052
3502090514,林正宗診所,64000090,高雄市前鎮區興東里一心一路404號,(07)3303615,22.609581,120.314973
3502090569,親親診所,64000090,高雄市前鎮區興東里一心一路402號,(07)3391078,22.60951,120.315164
3502090621,陳文宏診所,64000090,高雄市前鎮區瑞隆里瑞隆路319號,(07)7131516,22.605458,120.332297
3502090685,博聖診所,64000090,高雄市前鎮區鎮北里擴建一路59號,(07)8218252,22.591319,120.306597
3502090694,吳泰成耳鼻喉科診所,64000090,高雄市前鎮區林森三路150號,(07)3361136,22.613571,120.308862
3502090836,張朝金家庭醫學科外科診所,64000090,高雄市前鎮區瑞豐里瑞隆路631號,(07)7119401,22.604802,120.325308
3502091039,劉志明耳鼻喉科診所,64000090,高雄市前鎮區一心一路482號,(07)3363311,22.609912,120.314236
3502091235,龔國祥內科診所,64000090,高雄市前鎮區盛豐里復興三路301號,(07)5351123,22.612066,120.310987
3502091271,楊榮超診所,64000090,高雄市前鎮區西甲里一心二路133號,(07)3382616,22.612089,120.308336
3502091324,林慶端診所,64000090,高雄市前鎮區竹中里和平二路293號,(07)7616392,22.615284,120.322384
3502097175,永興診所,64000090,高雄市前鎮區鎮興路222號,(07)8157006,22.593013,120.311705
3502097237,陳方明診所,64000090,高雄市前鎮區西山里一心二路59號,(07)5374381,22.611336,120.310085
3502097755,永祥診所,64000090,高雄市前鎮區永豐路110號,(07)7515678,22.606544,120.333681
3502097835,昭哲診所,64000090,高雄市前鎮區永豐路214號,(07)7136366,22.608738,120.333427
3502097997,上晴診所,64000090,高雄市前鎮區瑞北路88號,(07)7249449,22.609247,120.33357
3502098010,吉泰內科診所,64000090,高雄市前鎮區瑞隆里保泰路419號,(07)7616000,22.60407,120.335837
3502098092,慶大診所,64000090,高雄市前鎮區中華五路993號2樓,(07)5366226,22.602597,120.305875
3502098109,美和診所,64000090,高雄市前鎮區鎮昌里翠亨北路577號,(07)8123381,22.592287,120.312972
3502098163,蕭基昌耳鼻喉科診所,64000090,高雄市前鎮區瑞昌里永豐路91號,(07)7510098,22.60601,120.333255
3502098172,慧安診所,64000090,高雄市前鎮區瑞興里瑞和街100號,(07)7223889,22.607014,120.330151
3502098190,宏恩診所,64000090,高雄市前鎮區忠純里正勤路71號,(07)5370666,22.602873,120.305389
3502100079,白鋒釗診所,64000100,高雄市旗津區中洲三路99-1號,(07)5718239,22.597753,120.280374
3502100097,徐誌忠診所,64000100,高雄市旗津區中洲三路775號,(07)5710063,22.61192,120.269795
3502101101,賴顯忠診所,64000100,高雄市旗津區商港街14巷92弄18號,(07)5718773,22.576063,120.295068
3502110146,羅錦泉診所,64000110,高雄市小港區平和路105號,(07)8314168,22.565559,120.333158
3502110324,大林蒲診所,64000110,高雄市小港區鳳林路113-1號,(07)8714668,22.526787,120.345932
3502110440,蔡聰慶診所,64000110,高雄市小港區孔鳳路239號,(07)7914257,22.581189,120.363801
3502110593,明義診所,64000110,高雄市小港區孔鳳路542號,(07)7916959,22.582145,120.358821
3502110637,施晉南診所,64000110,高雄市小港區平治街1號,(07)8021622,22.567621,120.358186
3502110646,洪清中兒科診所,64000110,高雄市小港區二苓里二苓路192號,(07)8063773,22.5654173,120.3468677
3502111929,柯芳蓉黃麗瑛小兒科診所,64000110,高雄市小港區漢民路716號,(07)8053077,22.567603,120.362306
3502111938,季仁診所,64000110,高雄市小港區宏平路497號,(07)8013712,22.569638,120.355031
3502111956,蔡坤霖小兒科診所,64000110,高雄市小港區二苓里二苓路148號,(07)8030816,22.5653739,120.3478971
3502112060,鳳林診所,64000110,高雄市小港區鳳林路93-1號,(07)8720822,22.526359,120.3442003
3502112079,小林診所,64000110,高雄市小港區鳳林路67號,(07)8711285,22.525842,120.346815
3502112140,明港診所,64000110,高雄市小港區華山路137號,(07)8055116,22.566447,120.36739
3507010025,大欣診所,64000120,高雄市鳳山區文化路25號1樓,(07)7993009,22.633281,120.357799
3507010114,文山診所,64000120,高雄市鳳山區建國路三段157號,(07)7107010,22.636672,120.353672
3507010150,文德診所,64000120,高雄市鳳山區文衡路295號1F,(07)7805189,22.640157,120.353815
3507010178,孟昌小兒科診所,64000120,高雄市鳳山區海洋二路39號1樓,(07)7650908,22.610568,120.346513
3507010249,吳萍建小兒科診所,64000120,高雄市鳳山區瑞明街90巷8號1樓,(07)7191180,22.6276,120.371591
3507010285,吳文誌診所,64000120,高雄市鳳山區鳳林路258號,(07)7820958,22.622178,120.376986
3507010310,建億診所,64000120,高雄市鳳山區文濱路7號1-2樓,(07)7809119,22.638324,120.348148
3507010454,文山長慶診所,64000120,高雄市鳳山區文龍東路738號,(07)7774098,22.64282,120.353965
3507010472,詠馨診所,64000120,高雄市鳳山區五福一路2、6號,(07)8119789,22.591818,120.326784
3507010481,黃柏仁診所,64000120,高雄市鳳山區文豐街36巷3號1樓,(07)7132835,22.596789,120.335949
3507010516,杏康診所,64000120,高雄市鳳山區文化路47-1號,(07)7407580,22.633537,120.356341
3507010525,鴻仁健康診所,64000120,高雄市鳳山區青年路二段148號1-2樓,(07)7408333,22.635656,120.350513
3507010570,鳳山健安診所,64000120,高雄市鳳山區青年路二段358-1號1-2樓,(07)7677002,22.641595,120.351415
3507010614,佑安耳鼻喉科診所,64000120,高雄市鳳山區中山東路164號,(07)7030333,22.625725,120.374918
3507010632,聖恩診所,64000120,高雄市鳳山區五甲二路395、397號1樓,(07)7613111,22.597559,120.335452
3507010650,高丹榕診所,64000120,高雄市鳳山區光復路二段223號1樓,(07)7475556,22.629275,120.344788
3507010669,博新診所,64000120,高雄市鳳山區博愛路19、21號1樓,(07)7019595,22.626315,120.374399
3507010696,德安診所,64000120,高雄市鳳山區瑞興路416號,(07)7022957,22.631003,120.36971
3507010703,牛伯伯兒科診所,64000120,高雄市鳳山區建國路三段338號,(07)7808123,22.638167,120.350096
3507020049,永順診所,64000190,高雄市岡山區岡山路72號1-2樓,(07)6243376,22.787434,120.29686
3507030018,大元診所,64000300,高雄市旗山區大同街13-1號,(07)6612100,22.883458,120.4819841
3507030036,大政診所,64000300,高雄市旗山區延平一路337號,(07)6622588,22.892398,120.483648
3507030072,嘉惠診所,64000300,高雄市旗山區大同街42號,(07)6621900,22.88329,120.484803
3507050065,聯美診所,64000130,高雄市林園區林園北路344號,(07)6433512,22.511488,120.394952
3507060043,大鋐診所,64000140,高雄市大寮區中庄里鳳屏一路472號,(07)7038188,22.636114,120.392853
3507060052,詠新耳鼻喉科診所,64000140,高雄市大寮區鳳屏一路690號一樓,(07)7032000,22.638205,120.397164
3507080045,揚善診所,64000170,高雄市仁武區仁樂街178號,(07)3758419,22.703641,120.3472
3507080063,仁武好心診所,64000170,高雄市仁武區中正路301號1樓,(07)3719895,22.702844,120.35307
3507080090,仁雄診所,64000170,高雄市仁武區仁和里仁雄路15-1號,(07)3741298,22.680719,120.353236
3507080161,大林診所,64000170,高雄市仁武區仁雄路9號,(07)3718528,22.681291,120.354875
3507090050,微恩診所,64000160,高雄市大社區中山路195號,(07)3530781,22.732152,120.347034
3507100015,豐穎診所,64000180,高雄市鳥松區中正路355-2號,(07)7316336,22.662932,120.363326
3507110020,張民傑診所,64000200,高雄市橋頭區新興路95號,(07)6118991,22.758658,120.307377
3507140028,阿蓮康健診所,64000230,高雄市阿蓮區中正路383號,(07)6317288,22.880538,120.33298
3507150051,路竹內科診所,64000240,高雄市路竹區國昌路136號,(07)6076111,22.85475,120.256863
3507200038,嘉田診所,64000290,高雄市梓官區進學路124號,(07)6107738,22.760468,120.263373
3507240014,林重慶診所,64000350,高雄市內門區觀亭里中正路160巷50號,(07)6671883,22.923167,120.453838
3507290283,南加大耳鼻喉科診所,64000020,高雄市鼓山區明華路303號,(07)5525711,22.663334,120.30035
3507290318,朱光興診所,64000020,高雄市鼓山區文信路256號,(07)5227188,22.664737,120.299177
3507290336,為好診所,64000020,高雄市鼓山區鼓山區九如四路957號2樓,(07)5217466,22.6535754,120.2751215
3507300097,彌馨診所,64000030,高雄市左營區至聖路288號,(07)5586080,22.659789,120.304354
3507300186,賴孟德診所,64000030,高雄市左營區孟子路608號,(07)3439801,22.677985,120.303923
3507300604,詠康診所,64000030,高雄市左營區後昌路603號1樓,(07)3637880,22.707727,120.299482
3507300748,宗禾診所,64000030,高雄市左營區博愛四路80號,(07)3500980,22.681765,120.311294
3507300784,中心小兒科診所,64000030,高雄市左營區新庄仔路179-6號,(07)3488226,22.670332,120.30405
3507300908,文愛診所,64000030,高雄市左營區重愛路303號,(07)3430123,22.686491,120.314109
3507310146,安馨楠梓內科診所,64000040,高雄市楠梓區楠都東街209號,(07)3553866,22.726626,120.326841
3507310182,家恩診所,64000040,高雄市楠梓區旗楠路883-8號1樓,(07)3551133,22.741502,120.338018
3507310208,慕恩診所,64000040,高雄市楠梓區高楠公路1762號,(07)3638188,22.72852,120.321627
3507310217,杏美診所,64000040,高雄市楠梓區德祥路149號1樓,(07)3645599,22.726587,120.309347
3507310253,小王子小兒科診所,64000040,高雄市楠梓區土庫一路190號,(07)3530119,22.736498,120.3292
3507310271,楊宗憲診所,64000040,高雄市楠梓區德賢路165號,(07)3663511,22.726559,120.306581
3507310280,何慈育診所,64000040,高雄市楠梓區德民路1003-3號,(07)3012355,22.71915,120.286616
3507310324,弘達診所,64000040,高雄市楠梓區德賢路573號,(07)3655995,22.72517,120.299886
3507310342,建霖診所,64000040,高雄市楠梓區鳳楠路248號,(07)3523006,22.726124,120.329623
3507310351,季建華耳鼻喉科診所,64000040,高雄市楠梓區加昌618號,(07)3663331,22.7155196,120.2958837
3507320035,柳雱邁診所,64000050,高雄市三民區大順二路96號,(07)3895640,22.641955,120.327285
3507320044,捷祺家庭兒科診所,64000050,高雄市三民區裕誠路125號,(07)3503666,22.663695,120.312908
3507320080,郭建宏小兒科診所,64000050,高雄市三民區義華路394號1樓,(07)3982606,22.643732,120.333274
3507320133,愛彼高榮育仁診所,64000050,高雄市三民區九如一路896號,(07)3891080,22.640306,120.3153053
3507320142,林正?小兒科診所,64000050,高雄市三民區覺民路647號,(07)3806183,22.641046,120.3279
3507320231,崇田耳鼻喉科診所,64000050,高雄市三民區建工路302號,(07)3899900,22.653659,120.331613
3507320277,鼎山診所,64000050,高雄市三民區鼎山街598號,(07)3824296,22.650762,120.316942
3507320375,真善美診所,64000050,高雄市三民區覺民路69號,(07)3945929,22.638707,120.343303
3507320526,鼎真診所,64000050,高雄市三民區金鼎路325號,(07)3103130,22.664783,120.32017
3507320562,祐笙診所,64000050,高雄市三民區鼎中路396號,(07)3105978,22.666794,120.319806
3507320642,樂田耳鼻喉科診所,64000050,高雄市三民區熱河一街365號,(07)3115999,22.643607,120.3036909
3507320688,曾柏彰診所,64000050,高雄市三民區鼎力路339號1樓,(07)3103216,22.669347,120.324554
3507320811,建心診所,64000050,高雄市三民區裕誠路108號,(07)3593343,22.663993,120.312845
3507320955,國安診所,64000050,高雄市三民區建興路193號,(07)3865379,22.643712,120.325846
3507330031,光晴診所,64000060,高雄市新興區開封路31號,(07)2260591,22.628341,120.311267
3507330228,張正國診所,64000060,高雄市新興區忠孝一路19號,(07)2216730,22.622362,120.307016
3507330291,馬敘強診所,64000060,高雄市新興區林森一路37-1號,(07)2817220,22.623906,120.305021
3507340199,大郭診所,64000070,高雄市前金區自強二路69號,(07)2412233,22.624056,120.295622
3507350024,立佳診所,64000080,高雄市苓雅區輔仁路149號,(07)7710966,22.630221,120.333015
3507350060,宇安診所,64000080,高雄市苓雅區四維二路94-18號,(07)7511779,22.622714,120.319622
3507350097,邱康程內科診所,64000080,高雄市苓雅區建國一路336號,(07)2231118,22.632931,120.324657
3507350211,新鴻遠診所,64000080,高雄市苓雅區建國一路113-2號1樓,(07)7229860,22.631323,120.33324
3507350275,信基骨科門診,64000080,高雄市苓雅區林森二路11-3號,(07)3383886,22.616532,120.307858
3507360039,大家診所,64000090,高雄市前鎮區明正里草衙二路430號,(07)8117772,22.57929,120.322684
3507360066,祥全診所,64000090,高雄市前鎮區盛豐里一心二路86號,(07)3340393,22.611534,120.310407
3507360182,佑鎮診所,64000090,高雄市前鎮區平等里樹人路128號,(07)8121606,22.588885,120.319849
3507360271,前鎮長青診所,64000090,高雄市前鎮區竹南里凱旋三路83號,(07)7225270,22.606842,120.324713
3507360351,全家診所,64000090,高雄市前鎮區竹北里二聖一路92號,(07)7273688,22.612251,120.324264
3507360397,大鈞診所,64000090,高雄市前鎮區草衙二路430號,(07)8117772,22.579295,120.3205119
3507360413,南隆小兒科診所,64000090,高雄市前鎮區盛興里林森三路146號,(07)3385678,22.613485,120.308807
3507370026,重康診所,64000100,高雄市旗津區通山路31號,(07)5719288,22.612837,120.268777
3507370035,晴美旗后診所,64000100,高雄市旗津區旗津三路962巷2號,(07)5710522,22.607534,120.270472
3507380031,桂陽診所,64000110,高雄市小港區桂陽路310號,(07)7917770,22.582112,120.352314
3507380068,長慶小兒科診所,64000110,高雄市小港區漢民路413號,(07)8068170,22.56701,120.357745
3507380111,孔鳳診所,64000110,高雄市小港區孔鳳路571號,(07)7910311,22.584076,120.3564339
3542010054,王梗楠診所,64000120,高雄市鳳山區光遠路82號,(07)7460334,22.624088,120.366202
3542010287,國仁內科小兒科診所,64000120,高雄市鳳山區中山西路2-3號,(07)7461855,22.5960569,120.32535
3542010723,國民小兒科診所,64000120,高雄市鳳山區中正路37號,(07)7427925,22.625259,120.359214
3542011211,台安診所,64000120,高雄市鳳山區雙慈街26號,(07)7410268,22.625003,120.35708
3542011293,楊寶麟小兒科診所,64000120,高雄市鳳山區南京路312號,(07)7639092,22.615262,120.345901
3542011328,鳳德診所,64000120,高雄市鳳山區南京路153-21號,(07)7663893,22.609881,120.345281
3542011382,凱旋診所,64000120,高雄市鳳山區凱旋路261號,(07)7637639,22.613218,120.349155
3542011471,林錦浩耳鼻喉科診所,64000120,高雄市鳳山區新興里光遠路260號,(07)7419880,22.625619,120.362128
3542011506,韓台基診所,64000120,高雄市鳳山區新富路333號,(07)7662525,22.613261,120.344944
3542011551,文衡診所,64000120,高雄市鳳山區文衡路344號,(07)7768185,22.640205,120.355006
3542011800,鳳山全民診所,64000120,高雄市鳳山區博愛路328號,(07)7037038,22.630827,120.368622
3542011828,趙大夫診所,64000120,高雄市鳳山區瑞竹路97號,(07)7104010,22.626363,120.367477
3542011864,何鴻鈞診所,64000120,高雄市鳳山區林森路324號,(07)7716819,22.596792,120.338004
3542011935,唯均耳鼻喉科,64000120,高雄市鳳山區海洋二路139號,(07)7638199,22.6128,120.348331
3542012076,黃大沅小兒科診所,64000120,高雄市鳳山區青年路二段468號,(07)7679299,22.644126,120.351512
3542012307,澄明診所,64000120,高雄市鳳山區國富路28號,(07)7633595,22.615562,120.349899
3542012334,陳俊宏小兒科診所,64000120,高雄市鳳山區五甲一路85號,(07)7450066,22.620633,120.356955
3542012352,李威德診所,64000120,高雄市鳳山區五甲三路48號,(07)8227676,22.592924,120.327309
3542012469,林誓揚診所,64000120,高雄市鳳山區經武路18號,(07)7482228,22.626181,120.362213
3542013519,明倫家醫科診所,64000120,高雄市鳳山區凱旋路365號,(07)7631703,22.615368,120.346115
3542013840,祐幼小兒科診所,64000120,高雄市鳳山區文德里文衡路377號1F,(07)7769977,22.6405587,120.3491579
3542013859,嘉美診所,64000120,高雄市鳳山區中山路79號,(07)7413668,22.621406,120.360134
3542013886,黃榮隆診所,64000120,高雄市鳳山區文衡路460號,(07)7767676,22.640794,120.351451
3542013984,陳柏蒼耳鼻喉科診所,64000120,高雄市鳳山區文衡路480號,(07)7775388,22.641076,120.35029
3542014016,吳外科骨科診所,64000120,高雄市鳳山區中山西路102-9號,(07)7465265,22.627032,120.352544
3542014098,陳重志聯合診所,64000120,高雄市鳳山區光復路一段139號,(07)7427329,22.629114,120.350668
3542014392,新華田內科診所,64000120,高雄市鳳山區曹公路16-4號,(07)7999128,22.628929,120.357278
3542014445,聖光診所,64000120,高雄市鳳山區中山東路159號,(07)7411789,22.6234,120.368049
3542014463,佳醫診所,64000120,高雄市鳳山區五甲二路357號,(07)7219191,22.598019,120.336301
3542014516,芳鄰小兒科,64000120,高雄市鳳山區五甲二路352-1號,(07)7277988,22.599407,120.337431
3542014525,元富診所,64000120,高雄市鳳山區新富路237號,(07)7638666,22.612956,120.33883
3542014623,長新診所,64000120,高雄市鳳山區大東一路137號,(07)7196633,22.621611,120.361038
3542014785,新石津診所,64000120,高雄市鳳山區自強二路112號,(07)7682288,22.5959,120.327626
3542014954,林昭哲診所,64000120,高雄市鳳山區新富路282號1樓,(07)7633399,22.612662,120.341685
3542015068,誠愛診所,64000120,高雄市鳳山區誠愛路1號,(07)7556008,22.608811,120.358804
3542020069,翁仁茂診所,64000190,高雄市岡山區公園西路三段123號,(07)6260039,22.793282,120.284745
3542020130,黃耳鼻喉科診所,64000190,高雄市岡山區岡山路347-1號,(07)6230011,22.7976332,120.2930181
3542020201,盧榮福內兒科診所,64000190,高雄市岡山區仁壽路39號,(07)6261515,22.792624,120.2874758
3542020309,劉志廷家庭醫學科診所,64000190,高雄市岡山區維新路51號,(07)6228617,22.793187,120.294463
3542020345,陳振忠內兒科診所,64000190,高雄市岡山區壽天路37-2號,(07)6213202,22.7964334,120.2911964
3542020363,翁明清婦產科診所,64000190,高雄市岡山區前峰路73號,(07)6262997,22.795735,120.286924
3542020434,王宏育診所,64000190,高雄市岡山區岡山路260號,(07)6228972,22.792539,120.296174
3542020461,得安診所,64000190,高雄市岡山區前峰路41號,(07)6258387,22.7951247,120.2856682
3542020498,鄧明壽診所,64000190,高雄市岡山區壽華路36號,(07)6233316,22.79778,120.293198
3542020532,蔣榮福診所,64000190,高雄市岡山區中山南路452號,(07)6228719,22.790309,120.299558
3542020596,皇明診所,64000190,高雄市岡山區公園西路三段86-1號,(07)6263592,22.7945979,120.2822156
3542020676,黃子育診所,64000190,高雄市岡山區前峰路39號,(07)6270101,22.794697,120.288569
3542020729,振華診所,64000190,高雄市岡山區公園西路二段111號,(07)6268916,22.797515,120.286879
3542020738,吳宗慶診所,64000190,高雄市岡山區中山北路47號,(07)6229868,22.793821,120.298665
3542021986,新博愛診所,64000190,高雄市岡山區大德一路15號,(07)6215799,22.79665,120.29732
3542022054,蘇俊明小兒科診所,64000190,高雄市岡山區平和路200號,(07)6223189,22.79546,120.291948
3542022143,安泰診所,64000190,高雄市岡山區岡山路434號4樓5B,(07)6233500,22.796053,120.295899
3542022205,莊志明診所,64000190,高雄市岡山區柳橋東路15-1號1樓,(07)6298388,22.790752,120.294562
3542022214,楊禮瑜診所,64000190,高雄市岡山區柳橋東路30號,(07)6233598,22.791165,120.29531
3542022223,岡山內科診所,64000190,高雄市岡山區岡山路148號,(07)6213371,22.789367,120.296588
3542022250,陳國俊小兒科診所,64000190,高雄市岡山區岡山路73號,(07)6297200,22.7915943,120.2938866
3542022269,仁康診所,64000190,高雄市岡山區介壽西路173號,(07)6262988,22.784069,120.280358
3542022303,黃仲達診所,64000190,高雄市岡山區柳橋東路9-2號1樓,(07)6297898,22.790766,120.294885
3542030556,仁厚診所,64000300,高雄市旗山區延平一路137號,(07)6613515,22.897643,120.483671
3542031615,鴻源診所,64000300,高雄市旗山區延平一路200號,(07)6628788,22.895998,120.483201
3542031704,信安小兒科診所,64000300,高雄市旗山區延平一路228號之8,(07)6627007,22.894953,120.483169
3542031722,芳民診所,64000300,高雄市旗山區德昌路16號,(07)6622355,22.883229,120.482513
3542031731,王致瑋小兒科診所,64000300,高雄市旗山區新山里延平一路485號1樓,(07)6629922,22.889367,120.483455
3542040123,吳文禮診所,64000310,高雄市美濃區中正路一段41號,(07)6812072,22.900541,120.541867
3542040187,李樹榮診所,64000310,高雄市美濃區中正路一段17號,(07)6812189,22.901529,120.541768
3542050361,黃英豪診所,64000130,高雄市林園區林園北路188號,(07)6412134,22.50769,120.395046
3542051920,長泰診所,64000130,高雄市林園區王公路483號,(07)6452776,22.505515,120.385174
3542052025,聯合王婦產科,64000130,高雄市林園區沿海路三段148號,(07)6425968,22.500114,120.388822
3542052034,建芳診所,64000130,高雄市林園區東林西路28號,(07)6467666,22.503918,120.3949
3542052043,川宏診所,64000130,高雄市林園區鳳林路一段83號1樓,(07)6452520,22.503538,120.397904
3542060125,太樹診所,64000140,高雄市大寮區義和里九和路9號,(07)6518042,22.642602,120.418506
3542060714,親親家庭診所,64000140,高雄市大寮區中庄里鳳屏一路538號,(07)7013483,22.636862,120.394065
3542060830,健聖診所,64000140,高雄市大寮區中興里中正路2號,(07)7861303,22.617297,120.385438
3542060901,郭其靈診所,64000140,高雄市大寮區永芳村鳳林三路541號,(07)7823335,22.607652,120.395164
3542061917,鳳信診所,64000140,高雄市大寮區中庄里鳳屏一路574號,(07)7036751,22.637299,120.394868
3542061944,張文豪診所,64000140,高雄市大寮區山頂里內厝路201號,(07)7816276,22.608054,120.389953
3542061953,張桐榮診所,64000140,高雄市大寮區永芳村鳳林三路573、575號,(07)7825382,22.608325,120.394732
3542062094,大統內兒科診所,64000140,高雄市大寮區鳳林四路56號,(07)7836127,22.615085,120.387907
3542062147,嘉德耳鼻喉科診所,64000140,高雄市大寮區鳳屏一路441、443號,(07)7022626,22.6379943,120.3933781
3542062156,圓明診所,64000140,高雄市大寮區義仁里鳳林一路147號,(07)6433298,22.541789,120.404208
3542062279,幸安診所,64000140,高雄市大寮區永芳里鳳林三路526號,(07)7812855,22.606435,120.395468
3542062307,大承耳鼻喉科診所,64000140,高雄市大寮區鳳屏一路464號,(07)7013668,22.636091,120.39267
3542070167,愛仁診所,64000150,高雄市大樹區久堂路147號,(07)6524197,22.657924,120.41632
3542070210,丰聯診所,64000150,高雄市大樹區建村街87號,(07)6519312,22.6565361,120.4164186
3542071351,大森診所,64000150,高雄市大樹區中興街89號,(07)6527680,22.657109,120.420088
3542080047,劉內兒科診所,64000170,高雄市仁武區仁心路6號.15號,(07)3718727,22.681815,120.355907
3542080083,仁新診所,64000170,高雄市仁武區仁心路56號,(07)3719825,22.682196,120.356761
3542080109,仁里診所,64000170,高雄市仁武區仁樂街202號,(07)3729603,22.703729,120.347802
3542080190,易生診所,64000170,高雄市仁武區中華路306號,(07)3746901,22.70044,120.35291
3542081231,長恩聯合診所,64000170,高雄市仁武區仁忠路83號,(07)3747975,22.677366,120.355785
3542081348,陽光診所,64000170,高雄市仁武區中華路255號,(07)3755500,22.700291,120.351551
3542081464,德應診所,64000170,高雄市仁武區永仁街209號,(07)3728298,22.683495,120.333605
3542090150,富安診所,64000160,高雄市大社區金龍路138號,(07)3528996,22.726886,120.353695
3542090329,王裕郎小兒科診所,64000160,高雄市大社區中山路317號,(07)3550619,22.731781,120.350319
3542100062,劉金龍診所,64000180,高雄市鳥松區學堂路78-5號,(07)7313935,22.658364,120.390332
3542100124,藍偉宏診所,64000180,高雄市鳥松區學堂路105-1號,(07)7338715,22.658334,120.391828
3542101185,聯安診所,64000180,高雄市鳥松區中正路343號,(07)7335076,22.662287,120.363404
3542110326,陳性良診所,64000200,高雄市橋頭區隆豐路220號,(07)6127655,22.753718,120.307144
3542111378,孫琮淵診所,64000200,高雄市橋頭區仕隆里成功南路79號1樓,(07)6130567,22.753911,120.311868
3542111396,正心診所,64000200,高雄市橋頭區隆豐路176號,(07)6128080,22.754451,120.306521
3542120126,簡萬杰診所,64000210,高雄市燕巢區中民路558號,(07)6166674,22.793437,120.363013
3542121345,鳳安診所,64000210,高雄市燕巢區鳳雄里鳳旗路124-2號,(07)6153827,22.754484,120.355635
3542141465,明成親子診所,64000230,高雄市阿蓮區民權路95、97號,(07)6319789,22.8825934,120.3257069
3542151498,祐民診所,64000240,高雄市路竹區中和街180號,(07)6072211,22.858904,120.257629
3542151514,佳恩小兒科診所,64000240,高雄市路竹區大社路135號,(07)6073355,22.864569,120.263233
3542151532,馨美診所,64000240,高雄市路竹區大社路157號,(07)6074999,22.864929,120.263458
3542151587,蘇玉良診所,64000240,高雄市路竹區大同路326號,(07)6968248,22.858511,120.266572
3542151596,蘇進添小兒科診所,64000240,高雄市路竹區中興路236號,(07)6971769,22.862939,120.262155
3542151658,昭欽診所,64000240,高雄市路竹區183-2號,(07)6953055,22.8675759,120.2849523
3542151676,仁澤診所,64000240,高雄市路竹區國昌路331號,(07)6076000,22.861698,120.255696
3542160184,永健診所,64000250,高雄市湖內區太爺村中正路一段30號,(07)6993870,22.909654,120.226193
3542160264,方舟診所,64000250,高雄市湖內區民權路158號,(07)6935692,22.891082,120.24334
3542161449,富田森林診所,64000250,高雄市湖內區中正路一段59號,(07)6992189,22.909627,120.225739
3542170037,顏診所,64000260,高雄市茄萣區茄萣路一段151號,(07)6901481,22.891353,120.184787
3542170233,施明火診所,64000260,高雄市茄萣區茄萣路一段399號,(07)6900953,22.897012,120.184139
3542170251,忠信診所,64000260,高雄市茄萣區嘉賜里仁愛路三段218號,(07)6901221,22.903287,120.183848
3542171329,友安小兒科診所,64000260,高雄市茄萣區仁愛路二段80、82號,(07)6906933,22.897882,120.184699
3542171338,吳南寬診所,64000260,高雄市茄萣區白砂路257號1樓,(07)6921275,22.913516,120.185132
3542191125,平安診所,64000280,高雄市彌陀區中正路233-1號,(07)6191116,22.784909,120.247488
3542200272,蔡政達診所,64000290,高雄市梓官區廣澤路20號,(07)6173295,22.729493,120.255047
3542201466,梓安診所,64000290,高雄市梓官區中正路71號,(07)6177429,22.731857,120.253486
3542211257,大嘉診所,64000320,高雄市六龜區太平路114號,(07)6895789,22.995201,120.637516
4107320010,和平醫療社團法人進興診所,64000050,高雄市三民區九如一路171號,(07)3869559,22.636812,120.339359
